Date,Wagers/sales,Lotto,Bingo,Crossword,Terdrup,Free Roll,Crossword Paradise,Spin the Wheel,Race 6,Pick 3,Pick 4,Spin Roulette
1/1/2026,3152510,55260,941430,973410,107550,1284,168600,424230,143785,74250,41720,222275
2/1/2026,2628890,15330,823830,814770,81775,1165,144350,359880,129670,50610,26800,181875
3/1/2026,2471425,12240,763650,784950,66350,949,147900,317490,128855,72330,25160,152500
4/1/2026,2296985,22980,688920,771840,64275,985,130350,279240,132690,42510,23880,140300
5/1/2026,2692120,49380,767820,895110,76425,1265,152800,311460,148335,86130,44960,159700
6/1/2026,2705970,23280,809970,923010,72575,1149,140650,317580,165530,65820,28480,159075
7/1/2026,2999870,27570,804450,993510,94225,1141,159500,387870,224885,70410,36000,201450
8/1/2026,2792905,48780,802080,974520,71425,1238,123250,341010,184395,58680,27040,161725
9/1/2026,2655305,19800,778410,890250,66050,1160,155250,310710,182450,66630,35880,149875
10/1/2026,2449235,11880,738480,822360,57900,1041,137450,268710,169630,75660,36840,130325
11/1/2026,2137600,14010,624810,753990,50150,1022,108300,252780,169925,42810,12800,108025
12/1/2026,2245980,57390,645030,756570,57375,1111,103650,270060,173755,52200,15600,114350
13/01/2026,2456305,22260,717600,825450,54625,1141,124000,306390,191615,56340,28400,129625
14/01/2026,2568020,21060,729300,847140,66275,1356,122750,343320,184010,55350,28640,170175
15/01/2026,2423250,69030,730110,822030,60300,1146,122800,302850,96465,66570,22720,130375
16/01/2026,2287750,23160,751440,770430,57925,1052,115500,261810,96190,61680,28840,120775
17/01/2026,2062595,10740,667770,755940,42425,920,113900,225660,85480,40470,24760,95450
18/01/2026,1913520,15840,629220,624750,43150,874,110000,232650,100805,43680,13800,99625
19/01/2026,1977430,51930,662730,626790,41475,951,114250,227070,99500,50190,14720,88775
20/01/2026,2098275,20910,699180,747750,41675,904,110450,220740,104465,54750,16080,82275
21/01/2026,2707785,38250,759240,911010,65950,1320,153650,376080,118970,60720,30440,193475
22/01/2026,2298320,70560,675090,767610,38375,1100,114300,319860,95455,53880,12040,142150
23/01/2026,2250375,15600,669150,806220,51175,994,125800,286650,98480,39030,24320,133950
24/01/2026,2092350,13440,648660,732720,51750,938,97850,268590,92280,65310,17600,104150
25/01/2026,1830035,17310,591600,631350,44300,709,100450,241290,73580,31320,12160,86675
26/01/2026,2341225,74310,707580,768300,61225,1084,134250,287190,93875,6150,3000,143775
27/01/2026,2181365,20520,667470,756690,57900,958,120050,281670,85115,40140,17360,125300
28/01/2026,3041175,25980,878400,1060260,83800,1253,235400,357780,118245,62610,30200,188500
29/01/2026,2838720,76410,848640,944880,75125,1261,181500,362250,99655,55860,33400,161000
30/01/2026,2664140,20550,758250,974220,67575,1165,175000,336210,110900,53220,24240,143975
31/01/2026,2350945,14430,749100,852570,59675,945,137250,267420,98050,42810,21640,108000
1/2/2026,2207865,21990,"692,730.00","814,590.00","49,875.00",827,"128,500.00","251,760.00","93,570","28,850","18,800","97,200"
2/2/2026,2311740,60600,"756,330.00","809,550.00","53,600.00",927,"122,850.00","252,780.00","108,585","37,020","18,000","92,425"
3/2/2026,2258875,21060,"716,910.00","836,610.00","49,475.00",881,"114,300.00","235,530.00","117,915","27,770","32,080","97,225"
4/2/2026,2447065,23730,"756,570.00","835,800.00","99,600.00","1,030.00","124,000.00","273,330.00","119,475","50,250","23,360","140,950"
5/2/2026,2358920,63210,"712,740.00","862,530.00","60,775.00",934,"123,850.00","229,800.00","124,760","54,300","26,280","100,675"
6/2/2026,2165100,17220,"672,960.00","806,670.00","48,275.00",826,"102,900.00","244,890.00","106,840","46,110","17,960","101,275"
7/2/2026,2130395,16680,"689,070.00","756,390.00","48,625.00",743,"113,850.00","252,180.00","99,865.00","46,920","22,840","83,975"
8/2/2026,1885840,16560,"588,270.00","699,960.00","45,925.00",746,"100,600.00","227,640.00","81,850.00","32,970","18,640","73,425"
9/2/2026,2259295,70650,"704,460.00","797,820.00","58,800.00",916,"123,750.00","257,250.00","93,715.00","36,120","19,480","97,250"
10/2/2026,2128310,24300,"689,670.00","770,190.00","54,025.00",824,"109,900.00","226,500.00","101,785.00","39,870","29,120","82,950"
11/2/2026,2501400,26340,"753,150.00","868,440.00","68,500.00","1,071.00","134,750.00","340,320.00","106,730.00","37,140","22,080","143,950"
12/2/2026,862480,41610,"242,340.00","309,090.00","14,700.00",405,"39,350.00","113,160.00","58,650.00","9,720","5,960","27,900"
13/02/2026,258265,11070,"68,880.00","67,380.00","4,250.00",172,"18,300.00","31,080.00","37,460.00","2,520","5,200","12,125"
14/02/2026,1821030,11520,"578,280.00","696,540.00","38,900.00",899,"107,450.00","177,990.00","90,225.00","28,410","21,640","70,075"
15/02/2026,1712710,14580,"547,470.00","664,230.00","35,350.00",741,"107,100.00","158,850.00","89,470.00","23,130","11,680","60,850"
16/02/2026,2061075,58230,"627,600.00","812,460.00","33,600.00",925,"100,700.00","199,080.00","103,615.00","28,650","14,040","83,100"
17/02/2026,2205520,17040,"707,910.00","768,960.00","47,900.00",966,"159,600.00","239,310.00","105,360.00","39,420","16,920","103,100"
18/02/2026,2009770,12750,"646,050.00","701,100.00","42,050.00",874,"125,750.00","226,140.00","109,195.00","37,170","20,840","88,725"
19/02/2026,1858310,44370,"591,720.00","645,810.00","40,650.00",857,"110,450.00","194,910.00","110,095.00","34,320","10,760","75,225"
20/02/2026,2036285,15630,"678,330.00","754,980.00","44,175.00",852,"114,850.00","176,040.00","114,605.00","44,970","15,680","77,025"
21/02/2026,1745865,10260,"537,660.00","621,150.00","39,325.00",787,"92,750.00","197,370.00","112,100.00","39,990","19,360","75,900"
22/02/2026,1710780,20100,"544,560.00","665,640.00","40,325.00",760,"79,350.00","186,920.00","98,440.00","29,160","14,560",
23/02/2026,1715590,41910,"508,350.00","678,810.00","40,925.00",775,"82,700.00","182,880.00","106,540.00","31,050","19,200","4,900"
24/02/2026,1864810,20340,"589,830.00","722,340.00","39,075.00",850,"109,550.00","183,990.00","86,325.00","37,050","25,560","45,850"
25/02/2026,2178095,17610,"727,380.00","759,090.00","72,050.00","1,013.00","122,150.00","231,180.00","92,595.00","39,780","20,560","95,700"
26/02/2026,2323775,58470,"777,750.00","844,140.00","56,125.00","1,032.00","118,700.00","215,010.00","85,505.00","46,770","39,080","82,225"
27/02/2026,2118595,16560,"709,230.00","793,140.00","43,075.00",876,"113,250.00","198,480.00","96,500.00","52,920","22,040","73,400"
28/02/2026,1956010,11220,"635,910.00","743,070.00","44,025.00",841,"102,550.00","197,640.00","93,720.00","41,640","15,960","70,275"
1/3/2026,"1,724,685.00","14,280.00","574,020.00","622,860.00","34,850.00",775,"98,400.00","166,530.00","97,965.00","35,400","23,880","56,500"
2/3/2026,"2,160,045.00","58,950.00","727,350.00","763,740.00","55,775.00",971,"107,500.00","201,540.00","96,365.00","34,290","19,960","94,575"
3/3/2026,"2,324,485.00","20,940.00","757,950.00","810,750.00","58,625.00","1,122.00","126,900.00","246,270.00","102,440.00","58,680","35,680","106,250"
4/3/2026,"1,987,820.00","22,050.00","624,750.00","718,710.00","34,050.00",930,"105,150.00","211,260.00","108,600.00","50,490","32,760","80,000"
5/3/2026,"2,037,580.00","61,620.00","688,920.00","710,580.00","41,275.00","1,005.00","117,600.00","185,670.00","108,620.00","34,500","21,520","67,275"
6/3/2026,"1,914,310.00","19,800.00","624,570.00","691,320.00","41,600.00",876,"110,450.00","177,180.00","112,425.00","46,140","19,600","71,225"
7/3/2026,"1,705,990.00","8,880.00","534,990.00","632,940.00","37,200.00",792,"108,500.00","160,080.00","106,995.00","34,680","17,600","64,125"
8/3/2026,"1,799,515.00","17,490.00","588,600.00","706,680.00","31,300.00",854,"87,600.00","158,490.00","99,130.00","38,070","14,480","57,675"
9/3/2026,"1,940,730.00","67,110.00","596,430.00","700,230.00","44,450.00",887,"113,400.00","193,350.00","97,215.00","45,420","18,000","65,125"
10/3/2026,"1,969,650.00","16,710.00","629,370.00","741,150.00","40,600.00",896,"133,800.00","175,080.00","102,230.00","40,530","23,080","67,100"
11/3/2026,"2,135,890.00","35,310.00","657,570.00","737,490.00","60,175.00","1,118.00","123,500.00","228,900.00","109,540.00","48,990","20,240","114,175"
12/3/2026,"2,003,905.00","67,500.00","632,700.00","682,590.00","51,200.00",956,"111,250.00","212,100.00","105,745.00","38,100","20,120","82,600"
13/03/2026,"1,890,170.00","18,480.00","628,200.00","643,590.00","44,100.00",889,"117,100.00","202,620.00","106,090.00","41,220","16,920","71,850"
14/03/2026,"1,733,280.00","11,430.00","595,410.00","584,700.00","35,525.00",803,"94,000.00","185,430.00","108,195.00","43,680","15,760","59,150"
15/03/2026,"1,614,315.00","15,510.00","588,780.00","581,160.00","30,350.00",773,"75,950.00","141,120.00","93,925.00","25,770","8,400","53,350"
16/03/2026,"1,842,005.00","62,670.00","619,320.00","618,750.00","36,250.00",952,"106,700.00","185,700.00","96,065.00","32,970","18,880","64,700"
17/03/2026,"1,648,160.00","14,340.00","577,230.00","578,220.00","33,125.00",797,"82,950.00","173,670.00","101,600.00","20,760","12,840","53,425"
18/03/2026,"1,980,380.00","22,440.00","563,430.00","750,000.00","39,000.00",909,"126,750.00","204,300.00","122,885.00","34,560","18,440","98,575"
19/03/2026,"1,949,975.00","59,100.00","600,120.00","652,590.00","48,875.00",937,"104,600.00","220,860.00","122,790.00","34,140","16,000","90,900"
20/03/2026,"1,747,055.00","16,350.00","599,310.00","577,140.00","35,800.00",747,"86,500.00","173,670.00","140,755.00","30,480","21,600","65,450"
21/03/2026,"1,727,240.00","11,700.00","566,490.00","617,280.00","29,175.00",748,"103,000.00","167,820.00","134,400.00","23,520","16,880","56,975"
22/03/2026,"1,561,130.00","12,120.00","513,390.00","543,030.00","23,300.00",700,"96,100.00","157,950.00","133,350.00","22,590","13,400","46,900"
23/03/2026,"1,851,325.00","56,520.00","565,710.00","602,130.00","48,775.00",882,"121,350.00","210,600.00","130,700.00","29,250","12,440","73,850"
24/03/2026,"1,830,255.00","19,020.00","580,260.00","631,920.00","42,350.00",818,"117,250.00","192,030.00","128,710.00","28,500","17,240","72,975"
25/03/2026,"1,947,715.00","20,880.00","591,780.00","647,610.00","39,225.00",932,"98,450.00","259,920.00","148,775.00","29,940","19,760","91,375"
26/03/2026,"1,688,605.00","53,160.00","518,460.00","576,420.00","27,125.00",739,"106,750.00","159,570.00","134,855.00","35,550","10,040","66,675"
27/03/2026,"1,980,030.00","18,570.00","672,360.00","699,090.00","34,925.00",860,"116,000.00","216,480.00","91,625.00","37,950","10,040","78,950"
28/03/2026,"1,936,955.00","9,780.00","613,860.00","715,860.00","34,375.00",806,"124,900.00","203,040.00","107,945.00","39,120","17,600","70,475"
29/03/2026,"1,688,485.00","18,870.00","561,600.00","663,420.00","36,600.00",948,"32,150.00","178,080.00","98,070.00","30,300","11,120","58,275"
30/03/2026,"1,948,395.00","59,850.00","667,410.00","673,410.00","41,550.00","1,037.00","72,700.00","208,140.00","100,830.00","34,170","15,960","74,375"
31/03/2026,"1,938,355.00","23,850.00","644,340.00","723,900.00","41,600.00",877,"100,300.00","196,530.00","97,810.00","27,900","12,400","69,725"
1/4/2026," 2,169,180.00 ","28,980.00","732,660.00","729,330.00","48,900.00","1,062.00","113,400.00","245,400.00","114,605.00","41,910.00","17,120.00","96,875.00"
2/4/2026," 2,208,620.00 ","60,180.00","707,010.00","735,510","62,150.00","1,108.00","113,500.00","261,060.00","97,015.00","37,050","24,320","110,825.00"
3/4/2026," 2,007,980.00 ","14,100.00","643,500.00","695,070","49,025.00",931.00,"113,800.00","228,810.00","105,275.00","38,940","25,160","94,300.00"
4/4/2026," 1,812,560.00 ","13,050.00","631,830.00","611,040","41,475.00",826.00,"89,200.00","195,240.00","98,805.00","36,420","20,800","74,700.00"
5/4/2026," 1,876,265.00 ","14,190.00","646,500.00","652,860","42,200.00",884.00,"89,000.00","189,120.00","118,130.00","41,130","14,160","68,975.00"
6/4/2026," 1,958,910.00 ","54,690.00","647,970.00","676,110","39,725.00","1,002.00","98,200.00","202,140.00","114,910.00","33,540","13,800","77,825.00"
7/4/2026," 1,965,415.00 ","18,330.00","675,240.00","661,080","46,450.00",922.00,"116,750.00","191,220.00","122,060.00","35,820","18,240","80,225.00"
8/4/2026," 1,852,865.00 ","24,450.00","648,900.00","625,680","41,800.00",853.00,"104,050.00","195,210.00","99,705.00","30,180","15,760","66,500.00"
9/4/2026," 2,239,580.00 ","74,790.00","721,410.00","745,080","50,800.00","1,092.00","118,200.00","261,240.00","101,985.00","30,600","18,200","157,275.00"
10/4/2026," 1,862,215.00 ","11,520.00","615,450.00","679,470","40,125.00",904.00,"84,100.00","197,340.00","100,790.00","31,470","19,600","82,350.00"
11/4/2026," 1,798,420.00 ","15,300.00","647,010.00","609,000","38,775.00",797.00,"99,350.00","170,610.00","99,160.00","34,320","19,320","65,575.00"
12/4/2026," 1,757,690.00 ","19,410.00","630,510.00","627,420","30,350.00",798.00,"90,400.00","137,010.00","112,600.00","33,390","17,800","58,800.00"
13/04/2026," 1,803,145.00 ","68,280.00","585,780.00","637,650","40,550.00",876.00,"85,050.00","160,200.00","105,515.00","36,510","19,560","64,050.00"
14/04/2026," 1,902,830.00 ","24,900.00","693,600.00","631,980","52,850.00",814.00,"101,200.00","168,390.00","107,705.00","30,510","22,720","68,975.00"
15/04/2026," 1,974,015.00 ","27,540.00","660,120.00","664,020","55,125.00",930.00,"99,950.00","201,360.00","113,010.00","38,760","28,680","85,450.00"
16/04/2026," 1,817,225.00 ","65,370.00","600,540.00","597,270","43,475.00",897.00,"93,550.00","183,300.00","108,320.00","33,420","13,480","78,500.00"
17/04/2026," 1,778,135.00 ","23,250.00","605,160.00","609,510","45,750.00",834.00,"89,900.00","185,250.00","106,475.00","29,310","20,080","63,450.00"
18/04/2026," 1,633,635.00 ","9,450.00","562,680.00","581,760","32,750.00",677.00,"86,000.00","165,870.00","104,145.00","26,970","13,760","50,250.00"
19/04/2026," 1,456,725.00 ","15,180.00","531,090.00","487,800","29,825.00",708.00,"90,550.00","136,110.00","81,410.00","23,940","16,720","44,100.00"
20/04/2026," 1,726,000.00 ","61,860.00","612,870.00","584,250","36,875.00",898.00,"80,450.00","164,880.00","91,705.00","26,550","12,960","53,600.00"
21/04/2026," 1,744,395.00 ","17,580.00","595,110.00","565,620","46,425.00",799.00,"108,950.00","192,360.00","94,485.00","25,590","12,000","86,275.00"
22/04/2026," 1,765,130.00 ","21,270.00","620,580.00","603,840","36,775.00",784.00,"110,550.00","179,100.00","84,550.00","26,820","13,520","68,125.00"
23/04/2026," 2,177,860.00 ","76,830.00","686,310.00","757,020","51,600.00","1,014.00","113,900.00","243,180.00","96,175.00","29,790","19,680","103,375.00"
24/04/2026," 1,880,615.00 ","41,880.00","629,310.00","640,470","44,575.00",836.00,"108,250.00","202,800.00","100,350.00","24,330","16,680","71,850.00"
25/04/2026," 1,578,320.00 ","11,760.00","551,460.00","557,940","35,125.00",724.00,"72,200.00","158,580.00","96,130.00","16,920","16,480","61,725.00"
26/4/2026," 1,518,880.00 ","32,100.00","528,750.00","531,510","33,250.00",740.00,"62,150.00","146,430.00","88,780.00","26,580","13,080","56,250.00"
27/4/2026," 1,883,890.00 ","68,970.00","584,430.00","685,470","39,250.00",897.00,"102,150.00","175,980.00","105,205.00","20,430","24,880","77,125.00"
28/4/2026," 2,189,780.00 ","24,840.00","731,640.00","781,020","45,050.00",991.00,"99,450.00","240,600.00","119,690.00","37,410","28,080","82,000.00"
29/4/2026," 2,284,190.00 ","28,050.00","775,080.00","746,310.00","56,150.00","1,246.00","122,750.00","267,600.00","98,585.00","37,530.00","38,160.00","113,975.00"
30/4/2026," 2,361,485.00 ","84,930.00","801,210.00","756,360.00","48,350.00","1,166.00","126,950.00","216,870.00","118,280.00","58,680.00","29,680.00","120,175.00"
